{"cameraMode":{"drawMode":0,"name":"Shaded","section":"Shading Mode"},"sceneLighting":true,"audioPlay":false,"sceneViewState":{"showFog":true,"showMaterialUpdate":true,"showSkybox":true,"showFlares":true,"showImageEffects":true,"showParticleSystems":true},"in2DMode":false,"pivot":{"x":1885.031005859375,"y":888.4619140625,"z":139.967041015625},"rotation":{"x":0.07601822912693024,"y":0.03572912886738777,"z":0.06963584572076798,"w":0.9961113333702087},"size":1162.3299560546875,"orthographic":false}